#	Name	Team	G	PA	HR	R	RBI	SB	BB%	K%	ISO	BABIP	AVG	OBP	SLG	wOBA	wRC+	BsR	Off	Def	WAR	GS	G	IP	W	L	QS	SV	HLD	H	ER	HR	SO	BB	K/9	BB/9	K/BB	HR/9	AVG	WHIP	BABIP	LOB%	ERA	FIP	ADP	SV+H
1	Aaron Judge	NYY	99	426	30	72	74	7	14.40%	26.20%	0.296	0.323	0.281	0.388	0.576	0.404	162	-0.2	31.1	-0.9	4.5																									0
2	Juan Soto	SDP	107	463	21	73	63	8	20.80%	16.20%	0.236	0.292	0.276	0.428	0.512	0.404	160	-0.9	33.4	-6.5	4.3																									0
3	Ronald Acuña Jr.	ATL	106	458	23	82	60	29	12.20%	20.80%	0.234	0.33	0.291	0.387	0.524	0.39	145	3.1	28.3	-3.4	4.1																									0
4	Mike Trout	LAA	105	455	28	73	66	2	12.70%	26.70%	0.279	0.316	0.268	0.372	0.547	0.388	148	-0.3	25.7	-1.3	4																									0
5	Fernando Tatis Jr.	SDP	106	458	30	78	72	18	9.80%	23.10%	0.281	0.299	0.276	0.351	0.557	0.384	147	2	28.2	-4.1	4																									0
6	Yordan Alvarez	HOU	93	404	25	65	77	1	12.30%	21.00%	0.289	0.324	0.297	0.39	0.586	0.411	166	-0.6	31.2	-6	3.9																									0
7	José Ramírez	CLE	106	458	20	65	71	15	11.20%	12.10%	0.232	0.273	0.274	0.36	0.506	0.363	132	1.4	19	3	3.8																									0
8	Mookie Betts	LAD	104	450	21	76	60	8	11.30%	16.40%	0.233	0.281	0.268	0.358	0.501	0.369	135	0.7	20.2	1.2	3.7																									0
9	Wander Franco	TBR	100	431	12	59	52	15	8.00%	11.60%	0.178	0.297	0.282	0.342	0.461	0.347	126	0.6	14.1	5.6	3.4																									0
10	Alex Bregman	HOU	108	468	17	67	63	2	13.60%	11.90%	0.191	0.268	0.263	0.372	0.454	0.361	132	-1.1	16.6	1.7	3.4																									0
11	Marcus Semien	TEX	109	473	18	71	56	13	9.30%	17.10%	0.196	0.288	0.265	0.336	0.461	0.345	120	1.1	12.3	5.7	3.4																									0
12	Adley Rutschman	BAL	99	402	13	56	45	2	14.20%	16.30%	0.182	0.289	0.262	0.372	0.443	0.357	129	-0.2	13.4	3.5	3.3																									0
13	Freddie Freeman	LAD	108	465	18	75	68	8	11.70%	15.60%	0.207	0.328	0.302	0.389	0.509	0.383	144	0.1	25.1	-8.3	3.3																									0
14	Julio Rodríguez	SEA	105	453	20	65	62	20	8.00%	25.20%	0.205	0.313	0.261	0.329	0.466	0.342	123	1	13.2	3.4	3.2																									0
15	Francisco Lindor	NYM	108	469	17	63	62	10	8.80%	19.20%	0.182	0.278	0.25	0.324	0.431	0.328	112	-0.2	6.4	9.6	3.2																									0
16	Nolan Arenado	STL	108	465	20	56	71	4	8.00%	14.60%	0.202	0.277	0.269	0.33	0.471	0.343	119	-0.6	10.3	5.6	3.2																									0
17	Matt Chapman	TOR	107	464	21	61	63	3	11.30%	28.20%	0.216	0.3	0.241	0.334	0.457	0.343	119	-0.4	10.2	5.7	3.2																									0
18	Kyle Tucker	HOU	107	463	22	64	78	17	10.10%	16.30%	0.226	0.292	0.279	0.352	0.505	0.365	135	1.3	20.5	-4.8	3.1																									0
19	Corey Seager	TEX	96	414	17	60	56	2	9.70%	16.20%	0.21	0.302	0.282	0.357	0.492	0.363	133	-0.6	15.6	1.6	3.1																									0
20	Xander Bogaerts	SDP	106	458	14	60	56	6	10.40%	18.60%	0.161	0.307	0.269	0.351	0.429	0.342	119	0.2	10.7	4.8	3.1																									0
21	Carlos Correa	MIN	103	444	17	56	56	0	10.80%	20.30%	0.19	0.302	0.264	0.347	0.454	0.347	123	-1.2	11	4.7	3.1																									0
22	Will Smith	LAD	91	363	18	51	57	1	11.30%	16.70%	0.229	0.274	0.264	0.359	0.493	0.366	133	-1.3	13.4	4.8	3																									0
23	Paul Goldschmidt	STL	108	465	20	68	65	7	12.10%	21.50%	0.212	0.324	0.279	0.37	0.49	0.372	138	-0.1	21.8	-7.3	3																									0
24	Trea Turner	PHI	109	473	14	66	54	18	7.00%	19.60%	0.168	0.328	0.282	0.335	0.45	0.339	112	2.4	9.3	4.9	3																									0
25	Rafael Devers	BOS	108	469	24	69	79	2	7.80%	19.70%	0.244	0.306	0.282	0.343	0.525	0.366	129	-0.3	16	-2	3																									0
26	Brandon Nimmo	NYM	97	420	10	59	41	4	11.70%	18.10%	0.15	0.325	0.277	0.373	0.427	0.354	129	-0.6	14.2	1.3	3																									0
27	Bo Bichette	TOR	106	459	18	66	65	10	6.20%	19.40%	0.191	0.326	0.289	0.335	0.48	0.351	125	-0.2	13.4	0.8	3																									0
28	Sean Murphy	ATL	89	359	15	47	54	1	10.20%	22.50%	0.213	0.292	0.253	0.345	0.466	0.352	119	-0.8	7.7	4.6	2.8																									0
29	Dansby Swanson	CHC	109	472	15	61	55	10	9.00%	24.30%	0.167	0.315	0.256	0.327	0.423	0.327	106	0.6	3.9	8	2.8																									0
30	Vladimir Guerrero Jr.	TOR	103	444	24	64	73	4	9.80%	15.80%	0.239	0.298	0.289	0.364	0.529	0.38	145	-1.2	22.8	-10	2.8																									0
31	Jose Altuve	HOU	98	424	16	65	47	8	10.00%	15.00%	0.19	0.295	0.277	0.355	0.467	0.356	129	0	14.4	-1.3	2.8																									0
32	J.T. Realmuto	PHI	95	376	12	45	48	12	7.20%	22.30%	0.18	0.306	0.258	0.323	0.438	0.329	105	1.4	3.8	9.7	2.7																									0
33	Pete Alonso	NYM	107	464	29	65	81	2	10.40%	20.20%	0.263	0.263	0.257	0.346	0.52	0.367	138	-1.7	19.6	-8.7	2.7																									0
34	Luis Robert Jr.	CHW	93	402	18	56	59	9	5.50%	22.70%	0.208	0.316	0.274	0.323	0.482	0.343	119	0.5	9.3	3.5	2.7																									0
35	Matt Olson	ATL	109	473	26	69	73	1	12.60%	24.30%	0.251	0.29	0.255	0.355	0.505	0.367	129	-1	16.1	-6	2.6																									0
36	Austin Riley	ATL	109	473	23	65	73	1	8.70%	24.90%	0.226	0.32	0.271	0.343	0.496	0.36	125	-1.3	13.2	-3.1	2.6																									0
37	Harrison Bader	NYY	93	402	13	51	52	15	7.00%	20.70%	0.173	0.292	0.254	0.316	0.427	0.322	105	0.9	3.3	9.2	2.6																									0
38	Cedric Mullins	BAL	105	453	14	61	51	24	8.40%	18.40%	0.171	0.296	0.261	0.329	0.432	0.331	111	1.7	7.6	2.3	2.5																									0
39	George Springer	TOR	96	415	19	62	54	10	9.80%	18.10%	0.207	0.279	0.261	0.341	0.468	0.35	124	0.4	12.4	-2	2.5																									0
40	Luis Arraez	MIA	99	430	4	53	39	3	8.90%	7.30%	0.1	0.331	0.313	0.376	0.413	0.346	120	-0.9	9.6	0	2.4																									0
41	Andrés Giménez	CLE	101	438	11	51	50	16	5.90%	19.60%	0.148	0.305	0.26	0.328	0.409	0.322	104	0.9	3	6.1	2.4																									0
42	Manny Machado	SDP	93	404	17	55	58	6	9.40%	19.10%	0.196	0.288	0.263	0.334	0.459	0.34	117	-0.2	8.3	1.8	2.4																									0
43	Yandy Díaz	TBR	95	411	12	59	45	2	13.00%	13.70%	0.165	0.31	0.286	0.385	0.452	0.367	141	-1.6	18.3	-8.8	2.4																									0
44	Masataka Yoshida	BOS	90	391	13	53	54	3	10.20%	10.20%	0.185	0.312	0.305	0.382	0.49	0.374	134	-0.8	15.1	-5.1	2.3																									0
45	Randy Arozarena	TBR	103	445	16	59	62	18	8.90%	24.40%	0.192	0.327	0.267	0.347	0.459	0.35	128	-0.9	14.2	-6	2.3																									0
46	Bryce Harper	PHI	95	409	19	60	60	10	14.10%	21.90%	0.234	0.32	0.276	0.382	0.511	0.38	139	-0.9	18.6	-9.3	2.3																									0
47	Willy Adames	MIL	101	438	19	56	59	6	9.60%	26.50%	0.2	0.289	0.241	0.315	0.441	0.327	104	0	2.3	5.9	2.3																									0
48	Byron Buxton	MIN	94	405	23	63	57	8	8.90%	27.80%	0.26	0.287	0.244	0.321	0.505	0.352	126	1	13.7	-4.6	2.3																									0
49	Nico Hoerner	CHC	102	442	7	54	47	18	6.20%	11.60%	0.115	0.306	0.281	0.333	0.396	0.319	100	1.2	1.3	6.5	2.3																									0
50	Michael Harris II	ATL	97	419	14	56	55	17	6.30%	22.50%	0.178	0.316	0.265	0.318	0.443	0.329	104	1.4	3.5	5	2.3																									0
51	Jeff McNeil	NYM	96	415	7	48	46	3	7.40%	11.50%	0.124	0.317	0.292	0.357	0.416	0.34	120	-0.9	9.3	-0.7	2.3																									0
52	Jonah Heim	TEX	74	294	10	34	36	2	8.10%	19.00%	0.17	0.276	0.247	0.31	0.417	0.317	101	-0.6	-0.4	8.8	2.3																									0
53	Bryan Reynolds	PIT	108	468	17	63	56	6	9.50%	20.80%	0.193	0.319	0.274	0.351	0.467	0.352	121	-0.5	11.9	-5.5	2.2																									0
54	Brandon Lowe	TBR	90	387	18	52	55	4	10.40%	25.80%	0.222	0.281	0.239	0.326	0.461	0.34	122	0.4	10.4	-1.3	2.2																									0
55	Shohei Ohtani	LAA	101	436	24	63	64	12	11.80%	24.70%	0.258	0.306	0.265	0.355	0.523	0.37	135	-0.5	17.8	-10.9	2.2	20	20	120	9	5	12	0	0	94	43	14	154	40	11.6	3	3.87	1.02	0.211	1.12	0.291	76.00%	3.22	3.32	8.3	0
56	Corbin Carroll	ARI	94	405	12	53	52	17	10.30%	25.80%	0.185	0.324	0.255	0.343	0.439	0.34	112	0.8	6.8	0.7	2.1																									0
57	Ozzie Albies	ATL	99	429	17	57	60	8	6.30%	17.50%	0.201	0.291	0.268	0.318	0.469	0.337	110	0.6	5.6	1	2.1																									0
58	Alejandro Kirk	TOR	81	331	10	37	41	0	11.80%	12.00%	0.154	0.279	0.267	0.359	0.421	0.343	120	-1.5	6.2	2.2	2.1																									0
59	Max Muncy	LAD	92	397	20	56	57	2	15.30%	25.10%	0.23	0.256	0.227	0.354	0.456	0.352	123	-0.7	10.7	-3.2	2.1																									0
60	Lars Nootbaar	STL	87	377	13	53	44	6	13.80%	21.20%	0.184	0.279	0.241	0.349	0.425	0.339	116	0.2	7.8	0	2.1																									0
61	Steven Kwan	CLE	103	443	5	58	37	13	10.50%	10.00%	0.109	0.298	0.276	0.357	0.385	0.328	109	0.5	5.1	0	2																									0
62	J.P. Crawford	SEA	99	429	6	50	38	4	11.10%	15.90%	0.108	0.294	0.254	0.343	0.361	0.317	105	-0.7	2	3.5	2																									0
63	Tommy Edman	STL	90	387	9	52	41	17	6.70%	16.00%	0.144	0.298	0.265	0.32	0.409	0.318	102	2.1	3.2	3.5	2																									0
64	Daulton Varsho	TOR	90	391	19	53	56	10	8.10%	23.40%	0.215	0.27	0.241	0.308	0.456	0.329	110	0.6	5.2	1.2	2																									0
65	Bobby Witt Jr.	KCR	100	431	15	59	53	22	5.70%	21.40%	0.192	0.296	0.257	0.304	0.448	0.323	102	1.7	2.5	2.5	2																									0
66	Gleyber Torres	NYY	93	402	15	53	51	9	9.30%	19.00%	0.179	0.293	0.263	0.333	0.441	0.336	115	-0.7	6.4	-0.5	1.9																									0
67	Gunnar Henderson	BAL	90	389	13	52	46	7	12.70%	27.10%	0.182	0.314	0.243	0.345	0.424	0.338	115	-0.3	6.8	-0.7	1.9																									0
68	Seiya Suzuki	CHC	93	402	17	52	50	6	11.20%	23.50%	0.211	0.316	0.267	0.354	0.478	0.358	126	-1.2	11.7	-6	1.9																									0
69	Anthony Rendon	LAA	76	329	9	42	44	2	12.50%	15.80%	0.163	0.301	0.271	0.371	0.434	0.354	125	-0.3	9.4	-1.2	1.9																									0
70	Brett Baty	NYM	85	366	14	47	48	2	9.10%	25.40%	0.173	0.314	0.256	0.333	0.429	0.333	115	-1.2	5.6	1.3	1.9																									0
71	Ian Happ	CHC	106	457	15	53	53	7	11.80%	24.70%	0.175	0.313	0.252	0.345	0.427	0.338	113	-0.4	6.7	-3.4	1.9																									0
72	Cal Raleigh	SEA	84	341	16	40	48	1	8.60%	27.50%	0.22	0.264	0.224	0.295	0.444	0.317	106	-0.6	1.8	3.7	1.9																									0
73	Christian Walker	ARI	107	464	21	60	66	2	9.80%	21.40%	0.209	0.285	0.255	0.333	0.463	0.343	114	-0.3	7.7	-4.6	1.9																									0
74	Ketel Marte	ARI	94	405	12	54	45	5	8.60%	17.00%	0.18	0.309	0.275	0.344	0.455	0.346	116	-0.3	7.5	-2.5	1.9																									0
75	Ty France	SEA	100	433	13	55	52	1	6.70%	15.90%	0.158	0.299	0.271	0.343	0.429	0.338	120	-1.3	9.1	-5.1	1.9																									0
76	Riley Greene	DET	99	426	10	52	44	6	8.90%	26.90%	0.143	0.344	0.26	0.329	0.403	0.321	105	-0.3	2.3	1.7	1.9																									0
77	Thairo Estrada	SFG	91	394	11	53	44	15	6.10%	18.50%	0.154	0.308	0.269	0.326	0.424	0.327	107	0.7	4	1	1.8																									0
78	Nathaniel Lowe	TEX	104	448	16	57	58	2	10.40%	22.50%	0.18	0.33	0.275	0.354	0.456	0.352	125	-1.4	11.9	-8.9	1.8																									0
79	Alex Verdugo	BOS	95	410	9	56	44	3	7.80%	14.20%	0.152	0.321	0.29	0.35	0.441	0.344	114	-0.1	6.5	-2.3	1.8																									0
80	Miguel Vargas	LAD	93	402	11	53	51	6	9.80%	18.20%	0.165	0.295	0.259	0.337	0.424	0.333	111	-0.4	4.8	-0.5	1.8																									0
81	Yoán Moncada	CHW	91	392	12	46	46	3	9.40%	25.60%	0.162	0.322	0.254	0.33	0.416	0.326	107	-0.4	2.7	2	1.8																									0
82	Isaac Paredes	TBR	73	315	14	39	43	0	10.60%	17.30%	0.204	0.251	0.24	0.331	0.444	0.338	120	-0.8	6.9	0.4	1.8																									0
83	Ke'Bryan Hayes	PIT	99	429	7	50	39	14	8.50%	19.70%	0.131	0.302	0.251	0.318	0.382	0.309	92	0.3	-3.8	7.1	1.8																									0
84	Christian Yelich	MIL	101	438	14	63	48	14	13.00%	23.90%	0.167	0.31	0.251	0.355	0.419	0.339	112	1.5	8.2	-5.3	1.8																									0
85	Anthony Volpe	NYY	92	397	12	50	46	18	9.30%	24.80%	0.169	0.281	0.228	0.311	0.398	0.312	98	1.3	0.4	4	1.8																									0
86	Javier Báez	DET	100	431	14	50	54	8	4.80%	25.30%	0.166	0.304	0.248	0.294	0.414	0.306	95	0.3	-2.3	5.1	1.7																									0
87	Anthony Rizzo	NYY	91	392	18	52	54	4	9.90%	18.70%	0.207	0.273	0.254	0.352	0.461	0.353	126	-1.9	10.5	-6.5	1.7																									0
88	Jake Cronenworth	SDP	97	419	11	54	48	3	10.70%	18.40%	0.163	0.283	0.247	0.339	0.41	0.328	110	-0.2	4.8	-1.9	1.7																									0
89	Jeremy Peña	HOU	100	433	15	53	53	11	5.20%	23.40%	0.167	0.294	0.248	0.297	0.415	0.309	96	-0.2	-2.3	4.6	1.7																									0
90	Hunter Renfroe	LAA	91	392	21	52	58	1	7.90%	23.50%	0.234	0.279	0.252	0.314	0.486	0.342	116	-1	6.5	-3.2	1.7																									0
91	DJ LeMahieu	NYY	88	382	9	48	41	3	9.90%	16.30%	0.129	0.305	0.269	0.345	0.397	0.328	109	-1.1	3.1	0.4	1.7																									0
92	Jose Siri	TBR	87	377	14	48	47	15	6.40%	33.00%	0.177	0.31	0.228	0.283	0.405	0.298	93	1.5	-1.7	5.2	1.6																									0
93	Ha-Seong Kim	SDP	83	360	9	38	39	9	8.80%	19.70%	0.143	0.281	0.241	0.315	0.385	0.309	97	0.2	-1.3	5.4	1.6																									0
94	Vinnie Pasquantino	KCR	95	411	16	52	53	1	10.70%	13.60%	0.203	0.282	0.272	0.356	0.475	0.358	126	-1.2	11.5	-9.1	1.6																									0
95	Jorge Polanco	MIN	79	342	12	44	43	4	9.50%	20.20%	0.18	0.298	0.261	0.334	0.441	0.337	116	-0.4	6.2	-1.5	1.6																									0
96	James Outman	LAD	90	387	15	50	53	6	8.90%	33.00%	0.198	0.31	0.228	0.308	0.426	0.319	101	-0.4	0.2	2.9	1.6																									0
97	Adolis García	TEX	107	463	22	64	72	12	6.30%	28.30%	0.216	0.293	0.243	0.296	0.459	0.323	105	0.2	3	-2.5	1.6																									0
98	Trent Grisham	SDP	90	389	12	47	42	7	11.80%	26.10%	0.17	0.275	0.22	0.319	0.39	0.313	100	0	-0.2	3	1.6																									0
99	Tim Anderson	CHW	99	426	10	57	39	14	4.20%	18.90%	0.127	0.334	0.285	0.318	0.412	0.318	101	1.5	1.9	-0.2	1.6																									0
100	Orlando Arcia	ATL	89	384	13	46	48	2	8.20%	19.10%	0.16	0.288	0.255	0.319	0.415	0.32	98	-0.4	-1.3	4.3	1.6																									0
101	Matt McLain	CIN	87	374	12	47	44	10	11.50%	30.50%	0.182	0.314	0.232	0.33	0.413	0.326	97	0.1	-1.2	4.3	1.6																									0
102	Mike Yastrzemski	SFG	84	365	13	48	44	3	9.80%	25.40%	0.195	0.294	0.241	0.322	0.435	0.328	108	-0.4	3	0.4	1.6																									0
103	Willson Contreras	STL	81	326	12	40	42	4	9.50%	23.10%	0.183	0.282	0.239	0.333	0.423	0.332	112	-1.1	3.6	2.4	1.6																									0
104	Yasmani Grandal	CHW	64	253	9	27	28	1	14.30%	21.60%	0.163	0.277	0.237	0.351	0.4	0.334	112	-1.7	2	3.7	1.6																									0
105	Eugenio Suárez	SEA	101	438	18	48	56	1	10.90%	30.50%	0.184	0.274	0.215	0.309	0.399	0.312	102	-1.8	-0.7	1.3	1.5																									0
106	Cody Bellinger	CHC	84	363	13	49	45	12	9.60%	23.10%	0.184	0.279	0.238	0.314	0.422	0.318	100	0.7	0.6	2.3	1.5																									0
107	Amed Rosario	CLE	100	433	8	53	43	12	4.70%	19.00%	0.126	0.322	0.272	0.309	0.398	0.307	94	1	-2.1	2.4	1.5																									0
108	Salvador Perez	KCR	97	396	21	48	62	0	4.30%	23.50%	0.226	0.299	0.266	0.308	0.493	0.339	113	-1.6	4.5	1.2	1.5																									0
109	Andrew Benintendi	CHW	93	402	8	52	42	8	9.80%	16.20%	0.133	0.311	0.272	0.346	0.405	0.329	109	0.1	4.4	-3.2	1.5																									0
110	Danny Jansen	TOR	77	312	15	40	47	1	9.30%	19.80%	0.21	0.244	0.231	0.309	0.441	0.323	106	-0.7	1.5	2.3	1.5																									0
111	William Contreras	MIL	82	329	13	39	41	1	9.50%	24.70%	0.185	0.297	0.248	0.324	0.433	0.33	106	-1.1	1.5	1.7	1.5																									0
112	Nolan Gorman	STL	84	363	20	49	56	3	8.90%	30.30%	0.227	0.303	0.245	0.316	0.473	0.338	116	-0.7	6.5	-4.3	1.5																									0
113	Joey Gallo	MIN	80	347	19	47	44	3	15.30%	35.90%	0.238	0.265	0.199	0.328	0.437	0.333	114	-0.2	5.4	-2.6	1.5																									0
114	Josh Jung	TEX	86	369	17	46	54	3	6.20%	28.80%	0.199	0.309	0.248	0.301	0.447	0.322	104	-1.1	0.8	1	1.4																									0
115	Jonathan India	CIN	99	429	11	58	44	9	9.60%	21.40%	0.149	0.316	0.26	0.35	0.41	0.336	104	-0.5	1.6	-2.1	1.4																									0
116	Paul DeJong	STL	72	310	13	37	39	4	8.60%	27.50%	0.191	0.263	0.219	0.298	0.41	0.309	97	-0.3	-1.5	4.9	1.4																									0
117	Austin Hays	BAL	93	404	14	50	49	3	6.00%	21.10%	0.177	0.301	0.26	0.312	0.436	0.324	106	-0.6	2.3	-2.1	1.4																									0
118	Anthony Santander	BAL	104	448	20	55	64	1	7.90%	21.30%	0.208	0.277	0.251	0.317	0.458	0.334	113	-0.8	6.2	-7.5	1.4																									0
119	Gabriel Moreno	ARI	68	271	5	29	31	3	6.90%	18.20%	0.114	0.33	0.279	0.335	0.394	0.321	99	-0.3	-0.5	6	1.4																									0
120	Kyle Schwarber	PHI	101	438	26	61	64	4	13.50%	28.80%	0.254	0.258	0.224	0.335	0.477	0.35	119	-1	9.1	-10.2	1.4																									0
121	Starling Marte	NYM	93	400	10	52	45	21	6.00%	19.20%	0.137	0.307	0.263	0.323	0.4	0.317	104	1.6	3.8	-3.6	1.4																									0
122	Max Kepler	MIN	75	322	12	42	37	3	10.50%	17.50%	0.186	0.252	0.235	0.324	0.422	0.326	109	-0.4	2.8	-0.1	1.4																									0
123	Jazz Chisholm Jr.	MIA	68	293	13	40	36	17	7.80%	28.10%	0.202	0.299	0.242	0.307	0.444	0.324	105	0.9	2.9	0.8	1.4																									0
124	Rowdy Tellez	MIL	91	394	22	49	61	1	10.60%	21.30%	0.238	0.263	0.248	0.333	0.487	0.348	119	-1.3	7.8	-7.6	1.4																									0
125	Esteury Ruiz	OAK	90	387	7	50	40	31	6.90%	20.70%	0.124	0.306	0.249	0.323	0.373	0.309	101	2.4	2.8	-2.4	1.4																									0
126	Taylor Walls	TBR	81	348	9	43	35	12	11.70%	25.40%	0.152	0.274	0.217	0.312	0.368	0.302	96	0.3	-1.5	3.2	1.4																									0
127	Jeimer Candelario	WSN	95	409	13	46	47	1	8.40%	21.90%	0.175	0.293	0.249	0.319	0.423	0.323	101	-0.8	-0.3	-0.1	1.4																									0
128	Andrew Vaughn	CHW	100	431	17	49	58	0	8.10%	18.10%	0.195	0.284	0.261	0.331	0.456	0.341	117	-1.4	7.3	-8.7	1.3																									0
129	Jorge Mateo	BAL	88	379	10	46	43	26	5.20%	25.90%	0.154	0.294	0.234	0.281	0.388	0.29	83	2	-5.8	6	1.3																									0
130	Josh Rojas	ARI	82	356	6	44	36	12	10.50%	21.40%	0.127	0.309	0.25	0.33	0.377	0.313	94	1	-1.5	2.4	1.3																									0
131	Kevin Kiermaier	TOR	69	298	6	36	32	8	7.00%	24.00%	0.142	0.306	0.244	0.302	0.386	0.3	90	0.6	-2.9	5.8	1.3																									0
132	Michael Conforto	SFG	89	384	15	48	49	2	11.40%	23.80%	0.184	0.293	0.246	0.344	0.429	0.339	115	-0.5	6.4	-6.5	1.3																									0
133	Ryan Mountcastle	BAL	101	438	20	55	65	3	6.60%	24.90%	0.204	0.304	0.259	0.311	0.463	0.332	112	-0.3	5.8	-7.8	1.3																									0
134	Ramón Laureano	OAK	83	358	12	42	37	10	6.60%	27.10%	0.179	0.289	0.231	0.3	0.41	0.31	101	0.3	0.7	0	1.3																									0
135	Leody Taveras	TEX	91	394	8	47	41	14	7.70%	24.40%	0.134	0.316	0.249	0.31	0.383	0.304	92	0.2	-3.6	3	1.3																									0
136	J.D. Davis	SFG	87	374	13	43	46	1	10.20%	29.10%	0.175	0.339	0.255	0.342	0.43	0.338	114	-1.1	5.4	-5.4	1.3																									0
137	Taylor Ward	LAA	81	348	12	48	39	3	10.50%	22.20%	0.17	0.306	0.257	0.342	0.427	0.337	113	-0.5	5	-4.2	1.3																									0
138	Jose Trevino	NYY	54	212	5	22	24	1	4.60%	17.40%	0.129	0.264	0.236	0.273	0.365	0.278	75	-0.7	-7	6.5	1.3																									0
139	Giancarlo Stanton	NYY	77	334	20	41	55	0	10.40%	27.60%	0.243	0.289	0.248	0.329	0.492	0.352	126	-1.3	8.9	-7.7	1.3																									0
140	Enrique Hernández	BOS	85	366	9	45	41	2	8.50%	19.50%	0.151	0.283	0.243	0.316	0.394	0.312	92	-0.1	-3.8	3.8	1.2																									0
141	Mitch Garver	TEX	76	317	15	41	41	2	10.90%	27.70%	0.206	0.284	0.233	0.324	0.439	0.333	112	-0.8	3.6	-2	1.2																									0
142	Jarred Kelenic	SEA	92	399	17	50	54	10	8.10%	26.30%	0.203	0.285	0.237	0.304	0.441	0.321	108	-0.2	3.7	-5	1.2																									0
143	Lourdes Gurriel Jr.	ARI	94	405	12	49	51	3	6.50%	17.60%	0.169	0.328	0.288	0.34	0.458	0.345	115	-1.4	6.1	-7.7	1.2																									0
144	Tyler O'Neill	STL	69	300	13	40	41	8	8.20%	29.20%	0.193	0.308	0.243	0.314	0.436	0.326	108	0.4	3.3	-1.4	1.2																									0
145	Teoscar Hernández	SEA	100	433	20	53	60	7	6.20%	29.00%	0.199	0.306	0.247	0.3	0.447	0.321	109	-0.2	4.3	-6.9	1.2																									0
146	Keibert Ruiz	WSN	82	328	10	34	37	2	7.20%	10.40%	0.153	0.263	0.259	0.321	0.412	0.321	99	-0.7	-1	3.9	1.2																									0
147	Zach Neto	LAA	87	377	8	43	45	6	5.30%	21.00%	0.134	0.299	0.249	0.312	0.384	0.306	92	-0.3	-4.1	3.2	1.2																									0
148	Mitch Haniger	SFG	92	399	16	53	54	1	8.50%	24.30%	0.186	0.296	0.249	0.32	0.435	0.327	107	-0.9	2.5	-4.2	1.2																									0
149	Kris Bryant	COL	88	381	13	51	45	2	9.90%	19.60%	0.186	0.33	0.285	0.365	0.471	0.363	114	-0.1	6.5	-7.6	1.2																									0
150	Ramón Urías	BAL	63	271	7	30	33	2	8.30%	24.10%	0.149	0.313	0.252	0.325	0.401	0.319	103	-0.5	0.4	2.1	1.2																									0
151	Josh Lowe	TBR	62	266	9	33	33	10	9.50%	30.40%	0.18	0.326	0.242	0.316	0.422	0.321	109	0.8	3.5	-0.9	1.2																									0
152	Luis Urías	MIL	62	266	9	32	31	2	10.40%	20.90%	0.17	0.279	0.242	0.334	0.412	0.328	105	-0.5	1.3	1.3	1.2																									0
153	Travis d'Arnaud	ATL	79	324	11	38	44	0	6.00%	22.20%	0.174	0.309	0.262	0.317	0.436	0.326	102	-1.2	-0.4	-0.3	1.2																									0
154	Ryan McMahon	COL	92	396	14	48	49	6	10.10%	27.10%	0.179	0.312	0.246	0.325	0.425	0.327	90	-0.5	-5.1	3.1	1.1																									0
155	Royce Lewis	MIN	44	190	7	23	23	6	7.40%	22.60%	0.184	0.305	0.258	0.32	0.441	0.33	111	0	2.6	2.3	1.1																									0
156	Jean Segura	MIA	89	386	6	41	34	9	6.80%	15.30%	0.108	0.299	0.263	0.322	0.371	0.305	93	0	-3.4	1.5	1.1																									0
157	Bryson Stott	PHI	84	365	9	43	37	8	7.80%	19.60%	0.134	0.299	0.255	0.314	0.388	0.309	91	0.2	-3.6	2.3	1.1																									0
158	Manuel Margot	TBR	83	358	7	40	38	11	7.90%	17.10%	0.124	0.289	0.252	0.315	0.376	0.304	97	0.2	-0.9	-0.2	1.1																									0
159	Brandon Crawford	SFG	80	345	10	38	39	4	8.90%	23.20%	0.146	0.288	0.237	0.312	0.384	0.305	92	-0.6	-4.1	3.3	1.1																									0
160	Eloy Jiménez	CHW	74	319	16	39	49	0	7.50%	23.70%	0.212	0.309	0.269	0.326	0.48	0.346	120	-0.6	7.1	-7.1	1.1																									0
161	Myles Straw	CLE	91	394	2	46	29	19	9.80%	16.70%	0.069	0.3	0.249	0.324	0.318	0.291	83	2.3	-5.8	3.3	1.1																									0
162	Justin Turner	BOS	90	391	10	49	49	2	9.80%	16.70%	0.153	0.311	0.275	0.357	0.428	0.345	115	-1.5	5.2	-7.6	1.1																									0
163	Jake Rogers	DET	57	225	9	25	27	2	9.30%	33.50%	0.181	0.259	0.195	0.279	0.376	0.288	82	-0.5	-5.3	6.4	1.1																									0
164	Santiago Espinal	TOR	75	322	5	35	33	6	7.40%	14.60%	0.109	0.296	0.263	0.321	0.372	0.306	94	-0.5	-2.9	2.7	1.1																									0
165	Jorge Soler	MIA	93	400	20	50	55	1	10.60%	26.80%	0.225	0.277	0.236	0.324	0.461	0.338	115	-1.2	6.1	-9.1	1.1																									0
166	Christian Vázquez	MIN	64	254	5	26	25	2	6.90%	18.90%	0.108	0.295	0.25	0.304	0.358	0.293	86	-1.4	-5.8	6.6	1.1																									0
167	Chris Taylor	LAD	74	319	10	39	39	7	9.30%	31.80%	0.173	0.311	0.226	0.306	0.399	0.308	94	0.6	-1.7	1.4	1.1																									0
168	Adam Frazier	BAL	78	335	5	39	31	7	7.70%	11.70%	0.11	0.289	0.264	0.328	0.374	0.31	97	-0.5	-1.9	1	1.1																									0
169	Christian Bethancourt	TBR	49	195	8	22	26	2	5.10%	25.40%	0.18	0.284	0.239	0.281	0.419	0.302	95	-0.3	-1.4	4.9	1.1																									0
170	Dylan Carlson	STL	66	286	7	35	32	3	9.00%	20.40%	0.159	0.296	0.251	0.326	0.409	0.322	105	-0.2	1.6	-0.8	1.1																									0
171	Jack Suwinski	PIT	71	305	13	36	36	4	11.20%	30.60%	0.193	0.3	0.231	0.322	0.424	0.326	104	-0.3	1.1	-1	1																									0
172	Christopher Morel	CHC	77	333	15	45	44	7	8.10%	30.90%	0.216	0.309	0.241	0.307	0.457	0.329	106	-0.3	2.3	-3.3	1																									0
173	Seth Brown	OAK	83	358	16	43	46	6	8.10%	27.10%	0.207	0.284	0.235	0.301	0.443	0.319	108	-0.3	2.9	-4.8	1																									0
174	Joc Pederson	SFG	75	325	14	42	45	2	10.00%	23.50%	0.212	0.284	0.246	0.332	0.458	0.341	116	-0.7	5.8	-6.7	1																									0
175	José Abreu	HOU	107	463	12	53	60	1	8.20%	20.70%	0.149	0.317	0.266	0.338	0.415	0.33	110	-1.4	4.4	-9.9	1																									0
176	Mike Zunino	CLE	58	230	11	25	30	0	8.20%	36.80%	0.212	0.252	0.191	0.267	0.403	0.291	83	-0.6	-5.4	5.7	1																									0
177	Brendan Donovan	STL	68	295	4	36	28	3	11.00%	16.40%	0.105	0.303	0.259	0.354	0.364	0.323	106	-0.6	1.4	-1.5	1																									0
178	Jake Meyers	HOU	59	256	6	29	31	3	7.90%	26.30%	0.145	0.312	0.242	0.312	0.387	0.308	95	-0.3	-1.8	3	1																									0
179	Connor Joe	PIT	72	310	7	38	29	4	12.30%	23.40%	0.156	0.307	0.244	0.347	0.4	0.332	108	-0.6	2.2	-3	1																									0
180	Joey Wendle	MIA	73	317	5	33	31	8	5.10%	18.40%	0.127	0.303	0.256	0.305	0.384	0.301	90	-0.1	-4	3.1	1																									0
181	Mark Canha	NYM	78	337	9	42	36	4	10.60%	19.50%	0.148	0.283	0.242	0.348	0.39	0.329	113	-0.5	4.7	-6.3	1																									0
182	Miguel Rojas	LAD	74	319	5	33	33	6	6.00%	13.30%	0.11	0.28	0.253	0.304	0.363	0.294	84	-0.5	-6.6	5.5	1																									0
183	Nick Fortes	MIA	53	210	6	23	23	3	7.40%	18.40%	0.135	0.271	0.24	0.307	0.375	0.301	90	-0.3	-2.8	3.5	1																									0
184	Ryan Jeffers	MIN	45	179	6	20	20	1	9.20%	28.00%	0.171	0.281	0.222	0.305	0.393	0.307	95	-0.6	-1.5	3.9	1																									0
185	Josh Naylor	CLE	89	384	15	44	57	4	8.10%	16.30%	0.188	0.277	0.26	0.324	0.448	0.331	111	-0.6	4.3	-7.7	1																									0
186	Triston Casas	BOS	89	386	14	49	49	2	13.80%	23.90%	0.188	0.287	0.239	0.348	0.427	0.339	110	-0.8	4	-7.5	1																									0
187	Josh Bell	CLE	99	429	13	47	53	1	12.60%	19.30%	0.159	0.29	0.251	0.349	0.41	0.334	113	-1.8	4.6	-9.6	1																									0
188	Tony Kemp	OAK	75	324	5	34	26	6	9.50%	13.40%	0.107	0.268	0.241	0.322	0.348	0.301	95	0	-2	0.4	0.9																									0
189	Yan Gomes	CHC	60	236	8	26	29	1	4.80%	18.90%	0.159	0.28	0.253	0.296	0.412	0.305	91	-0.7	-3.3	5.5	0.9																									0
190	Brent Rooker	OAK	88	382	17	46	51	2	10.80%	30.50%	0.207	0.286	0.224	0.324	0.431	0.329	114	-0.6	5.8	-9.3	0.9																									0
191	Brandon Marsh	PHI	91	394	8	44	42	9	9.30%	30.80%	0.141	0.331	0.235	0.31	0.376	0.301	86	0.3	-6.4	2.4	0.9																									0
192	Kolten Wong	SEA	65	281	6	32	27	8	7.70%	18.20%	0.126	0.28	0.242	0.317	0.368	0.303	96	0.1	-1.2	0.9	0.9																									0
193	TJ Friedl	CIN	86	369	10	46	42	9	8.60%	19.30%	0.16	0.299	0.256	0.333	0.416	0.328	99	0.1	-0.5	-2.9	0.9																									0
194	Patrick Wisdom	CHC	72	313	17	39	41	4	9.90%	36.00%	0.229	0.28	0.211	0.298	0.44	0.319	100	-0.2	-0.2	-1.4	0.9																									0
195	Jon Berti	MIA	62	269	4	33	21	19	9.70%	22.00%	0.1	0.308	0.244	0.323	0.344	0.3	89	1.8	-1.8	1.7	0.9																									0
196	Jesse Winker	MIL	87	374	11	46	42	0	13.50%	19.10%	0.159	0.284	0.247	0.359	0.406	0.34	113	-2	4.1	-8	0.9																									0
197	Ezequiel Tovar	COL	90	391	10	46	48	8	5.00%	21.90%	0.152	0.31	0.257	0.302	0.409	0.309	78	-0.2	-10.7	6.2	0.9																									0
198	Chas McCormick	HOU	74	320	10	38	39	6	10.30%	25.70%	0.149	0.29	0.232	0.317	0.381	0.309	96	-0.5	-2	-0.1	0.9																									0
199	Kyle Higashioka	NYY	45	177	8	20	23	1	6.50%	25.70%	0.186	0.253	0.219	0.273	0.405	0.293	85	-0.5	-3.6	4.4	0.9																									0
200	Brian Anderson	MIL	81	350	11	38	41	2	10.00%	27.20%	0.162	0.294	0.23	0.319	0.392	0.313	95	-0.8	-2.9	-0.2	0.9																									0
201	Framber Valdez	HOU																				23	23	144	10	6	16	0	0	129	49	10	149	47	9.3	2.95	3.15	0.62	0.239	1.22	0.312	74.60%	3.06	3.23	76.1	0
202	Spencer Strider	ATL																				21	21	120	9	5	13	0	0	86	39	12	172	45	12.92	3.36	3.85	0.89	0.196	1.09	0.291	77.10%	2.96	2.94	26.1	0
203	Jacob deGrom	TEX																				16	16	90	7	4	10	0	0	66	26	9	129	19	12.81	1.85	6.93	0.89	0.196	0.93	0.287	77.70%	2.59	2.42	31.3	0
204	Kevin Gausman	TOR																				21	21	128	9	6	13	0	0	110	48	16	144	28	10.16	1.95	5.21	1.14	0.226	1.08	0.287	75.00%	3.35	3.4	58.4	0
205	Zack Wheeler	PHI																				22	22	131	9	7	13	0	0	117	49	14	133	33	9.11	2.24	4.07	0.98	0.234	1.14	0.291	73.90%	3.38	3.55	54.8	0
206	Shane McClanahan	TBR																				21	21	126	9	6	13	0	0	102	43	12	149	40	10.7	2.86	3.74	0.89	0.218	1.13	0.293	76.00%	3.08	3.22	39.9	0
207	Aaron Nola	PHI																				23	23	140	9	7	14	0	0	129	57	18	145	32	9.29	2.05	4.53	1.18	0.237	1.15	0.291	73.40%	3.65	3.72	33.6	0
208	Gerrit Cole	NYY																				22	22	136	9	7	14	0	0	116	53	18	163	38	10.75	2.48	4.34	1.2	0.223	1.13	0.289	75.30%	3.48	3.52	15.9	0
209	Clayton Kershaw	LAD																				20	20	120	9	6	12	0	0	107	45	15	134	28	10.05	2.07	4.84	1.14	0.233	1.13	0.295	75.60%	3.38	3.48	116.5	0
210	Chris Sale	BOS																				20	20	120	8	6	12	0	0	102	46	14	142	34	10.71	2.58	4.15	1.05	0.226	1.14	0.299	73.70%	3.49	3.45	131.6	0
211	Sandy Alcantara	MIA																				22	22	146	9	8	15	0	0	138	60	16	140	40	8.62	2.44	3.53	0.96	0.245	1.22	0.3	72.30%	3.67	3.69	29.7	0
212	Zac Gallen	ARI																				21	21	128	8	7	12	0	0	114	51	14	142	39	10	2.75	3.64	1	0.233	1.2	0.3	73.40%	3.59	3.54	72	0
213	Justin Verlander	NYM																				20	20	126	8	6	13	0	0	110	49	18	137	27	9.82	1.94	5.07	1.26	0.228	1.09	0.282	74.90%	3.53	3.66	39.2	0
214	Corbin Burnes	MIL																				22	22	131	8	7	13	0	0	114	52	16	150	40	10.27	2.73	3.76	1.1	0.227	1.17	0.292	74.20%	3.55	3.63	16.3	0
215	Luis Castillo	SEA																				23	23	136	9	7	14	0	0	119	51	15	144	44	9.56	2.9	3.29	0.96	0.231	1.2	0.292	74.60%	3.42	3.63	58.7	0
216	Logan Webb	SFG																				23	23	138	9	7	14	0	0	135	55	12	129	38	8.41	2.45	3.43	0.8	0.252	1.25	0.312	72.00%	3.58	3.51	109.5	0
217	Tyler Glasnow	TBR																				18	18	104	7	5	11	0	0	81	37	11	132	36	11.41	3.08	3.7	0.95	0.211	1.12	0.29	75.20%	3.22	3.21	147.8	0
218	Max Scherzer	NYM																				20	20	122	8	6	12	0	0	105	49	17	141	30	10.35	2.2	4.7	1.26	0.224	1.1	0.282	74.60%	3.58	3.67	43	0
219	Hunter Greene	CIN																				22	22	123	7	7	11	0	0	102	54	18	158	47	11.57	3.41	3.39	1.35	0.22	1.21	0.29	74.00%	3.96	3.95	106	0
220	Shane Bieber	CLE																				23	23	143	9	8	14	0	0	137	59	18	140	36	8.79	2.25	3.91	1.11	0.246	1.21	0.299	73.10%	3.74	3.77	53.8	0
221	Nathan Eovaldi	TEX																				21	21	123	8	7	12	0	0	117	50	16	121	27	8.85	1.96	4.51	1.15	0.245	1.17	0.297	73.30%	3.68	3.73	239.3	0
222	Alex Cobb	SFG																				21	21	117	8	6	11	0	0	112	45	10	114	34	8.73	2.62	3.33	0.77	0.248	1.25	0.311	73.00%	3.45	3.42	217.6	0
223	Pablo López	MIN																				20	20	120	8	6	12	0	0	106	47	14	133	36	9.95	2.67	3.73	1.04	0.232	1.18	0.296	73.70%	3.56	3.62	164	0
224	Joe Ryan	MIN																				20	20	120	7	7	11	0	0	105	51	17	135	33	10.11	2.49	4.06	1.3	0.228	1.15	0.284	73.60%	3.82	3.87	135.6	0
225	Lance Lynn	CHW																				21	21	126	8	7	11	0	0	117	54	18	129	32	9.23	2.29	4.03	1.31	0.24	1.19	0.29	73.60%	3.87	4.01	129.8	0
226	Yu Darvish	SDP																				21	21	127	8	6	12	0	0	114	55	18	136	33	9.6	2.34	4.1	1.3	0.234	1.16	0.288	72.50%	3.91	3.96	72.6	0
227	Sonny Gray	MIN																				20	20	111	7	6	10	0	0	101	46	12	119	40	9.65	3.23	2.99	0.97	0.235	1.26	0.298	73.10%	3.72	3.73	209.3	0
228	Charlie Morton	ATL																				22	22	127	9	6	11	0	0	115	54	15	140	43	9.93	3.05	3.25	1.06	0.237	1.25	0.303	72.70%	3.84	3.82	158.2	0
229	Joe Musgrove	SDP																				21	21	119	8	6	11	0	0	109	50	16	119	33	9.05	2.5	3.61	1.19	0.238	1.19	0.29	73.10%	3.8	4.01	98.5	0
230	Eduardo Rodriguez	DET																				21	21	123	7	7	11	0	0	117	52	15	121	38	8.86	2.8	3.17	1.07	0.245	1.26	0.299	73.50%	3.8	3.88	317.4	0
231	George Kirby	SEA																				19	19	111	7	6	10	0	0	104	44	14	105	23	8.56	1.84	4.65	1.11	0.242	1.14	0.291	73.60%	3.54	3.72	93.8	0
232	Logan Gilbert	SEA																				22	22	126	8	7	12	0	0	114	52	17	129	33	9.25	2.39	3.88	1.22	0.235	1.17	0.287	74.00%	3.71	3.89	108	0
233	Jordan Montgomery	STL																				21	21	121	8	6	11	0	0	114	49	14	111	33	8.24	2.49	3.31	1.05	0.245	1.22	0.293	73.40%	3.67	3.9	167.7	0
234	Dylan Cease	CHW																				22	22	127	8	8	11	0	0	111	56	18	147	52	10.39	3.7	2.81	1.26	0.227	1.28	0.288	74.10%	3.99	4.15	48.1	0
235	Hunter Brown	HOU																				18	22	110	8	5	10	0	0	99	44	10	115	45	9.4	3.67	2.56	0.84	0.237	1.3	0.303	74.00%	3.56	3.75	209.2	0
236	Kodai Senga	NYM																				19	19	110	7	6	10	0	0	94	45	12	129	48	10.53	3.93	2.68	1	0.224	1.28	0.294	74.80%	3.63	3.79	180.5	0
237	Blake Snell	SDP																				21	21	113	8	6	10	0	0	94	47	14	132	48	10.57	3.86	2.74	1.15	0.222	1.26	0.287	75.10%	3.74	3.96	107.3	0
238	Merrill Kelly	ARI																				22	22	135	8	8	12	0	0	133	62	17	126	45	8.37	3.02	2.77	1.15	0.251	1.31	0.3	72.10%	4.14	4.17	244.1	0
239	Mitch Keller	PIT																				21	21	118	7	7	10	0	0	111	52	13	117	43	8.88	3.26	2.73	0.97	0.244	1.3	0.301	71.70%	3.95	3.95	345.8	0
240	Marcus Stroman	CHC																				22	22	127	8	7	11	0	0	130	56	14	107	39	7.53	2.73	2.76	0.98	0.26	1.32	0.306	71.80%	3.98	4.03	261.8	0
241	James Paxton	BOS																				17	24	105	7	6	8	0	0	92	46	14	119	40	10.24	3.43	2.98	1.21	0.232	1.26	0.295	73.50%	3.98	3.99	481.3	0
242	Brady Singer	KCR																				21	21	123	7	8	10	0	0	123	56	14	109	39	7.99	2.88	2.77	1.03	0.257	1.33	0.306	71.20%	4.12	4.11	182.1	0
243	Luis Severino	NYY																				19	19	108	7	6	10	0	0	95	44	14	122	34	10.12	2.82	3.59	1.17	0.229	1.19	0.29	74.60%	3.64	3.78	120.6	0
244	Freddy Peralta	MIL																				19	19	108	7	6	9	0	0	90	46	15	126	42	10.48	3.53	2.97	1.25	0.221	1.22	0.281	74.60%	3.83	4.07	144	0
245	Lucas Giolito	CHW																				21	21	122	7	7	11	0	0	112	55	19	132	39	9.71	2.84	3.42	1.38	0.236	1.23	0.288	74.00%	4.02	4.16	140.8	0
246	Carlos Rodón	NYY																				13	13	71	5	3	7	0	0	56	26	9	92	21	11.66	2.63	4.44	1.09	0.209	1.08	0.284	75.80%	3.25	3.24	66.1	0
247	Zach Eflin	TBR																				20	20	118	8	6	11	0	0	115	51	15	107	27	8.11	2.05	3.95	1.16	0.249	1.2	0.294	72.20%	3.86	3.96	271.9	0
248	Cristian Javier	HOU																				21	21	119	8	7	10	0	0	102	55	19	138	44	10.47	3.36	3.12	1.43	0.225	1.23	0.281	73.50%	4.15	4.26	53.2	0
249	Jesús Luzardo	MIA																				19	19	110	7	7	10	0	0	98	47	14	123	41	10.02	3.36	2.98	1.17	0.231	1.26	0.292	74.20%	3.84	3.99	143.4	0
250	Julio Urías	LAD																				19	19	109	7	6	9	0	0	105	50	17	107	29	8.8	2.37	3.72	1.41	0.246	1.23	0.29	73.30%	4.11	4.26	58.3	0
251	José Berríos	TOR																				21	21	124	8	7	10	0	0	120	56	18	114	33	8.33	2.41	3.46	1.3	0.248	1.24	0.29	72.30%	4.08	4.27	241.1	0
252	Brandon Woodruff	MIL																				14	14	78	5	4	8	0	0	66	30	10	92	22	10.53	2.54	4.14	1.16	0.223	1.13	0.287	75.10%	3.47	3.58	35	0
253	Reid Detmers	LAA																				18	18	96	6	6	8	0	0	83	42	14	110	36	10.29	3.37	3.06	1.27	0.228	1.24	0.289	73.90%	3.94	4.09	178.9	0
254	Andrew Heaney	TEX																				18	18	98	6	6	8	0	0	86	42	14	111	31	10.17	2.8	3.63	1.29	0.229	1.19	0.288	74.20%	3.82	3.98	220.1	0
255	Justin Steele	CHC																				18	18	104	7	6	9	0	0	97	44	11	100	40	8.67	3.46	2.51	0.98	0.244	1.31	0.3	73.30%	3.82	4.05	292.6	0
256	Ranger Suárez	PHI																				19	19	105	7	6	9	0	0	102	45	11	90	40	7.69	3.41	2.26	0.95	0.251	1.35	0.297	73.50%	3.83	4.19	354.7	0
257	Nestor Cortes	NYY																				20	20	116	7	7	10	0	0	107	53	19	121	35	9.41	2.69	3.5	1.49	0.236	1.22	0.282	74.10%	4.12	4.33	120.4	0
258	MacKenzie Gore	WSN																				17	17	94	6	6	8	0	0	82	41	12	103	45	9.8	4.27	2.29	1.11	0.23	1.34	0.29	74.40%	3.93	4.25	364.3	0
259	Graham Ashcraft	CIN																				21	21	118	6	8	9	0	0	127	60	15	92	43	7.02	3.25	2.16	1.14	0.272	1.43	0.311	70.30%	4.57	4.59	434.1	0
260	Miles Mikolas	STL																				21	21	129	8	7	11	0	0	134	60	17	98	31	6.83	2.16	3.16	1.23	0.263	1.28	0.295	71.20%	4.2	4.37	229.2	0
261	Chris Bassitt	TOR																				21	21	127	8	7	11	0	0	123	59	18	112	40	7.92	2.81	2.82	1.24	0.25	1.28	0.291	71.50%	4.2	4.43	165.2	0
262	Max Fried	ATL																				14	14	79	6	4	8	0	0	78	32	8	75	20	8.47	2.24	3.78	0.96	0.253	1.23	0.308	73.60%	3.58	3.64	66.2	0
263	Patrick Sandoval	LAA																				19	19	108	7	6	9	0	0	104	49	13	98	43	8.16	3.55	2.3	1.09	0.251	1.36	0.299	73.00%	4.07	4.34	202.7	0
264	Jon Gray	TEX																				21	21	116	7	7	9	0	0	112	55	16	114	40	8.82	3.11	2.84	1.24	0.248	1.31	0.299	71.90%	4.25	4.28	202.7	0
265	Alex Wood	SFG																				17	33	105	7	6	7	0	0	101	44	12	103	28	8.88	2.43	3.66	1.04	0.247	1.23	0.304	72.60%	3.75	3.81	344	0
266	Brayan Bello	BOS																				16	18	88	6	5	7	0	0	86	39	8	83	33	8.57	3.42	2.51	0.86	0.253	1.36	0.314	71.30%	3.98	3.86	390.6	0
267	Tanner Houck	BOS																				17	23	98	6	6	7	0	0	95	44	10	95	36	8.81	3.33	2.65	0.96	0.25	1.34	0.31	71.20%	4.08	3.97	389	0
268	Nick Lodolo	CIN																				11	11	62	4	4	6	0	0	54	26	8	75	21	10.79	3.02	3.58	1.14	0.229	1.2	0.302	74.00%	3.68	3.77	131.9	0
269	JP Sears	OAK																				17	22	101	6	6	8	0	0	95	45	14	95	31	8.42	2.74	3.07	1.25	0.242	1.24	0.285	73.10%	3.98	4.25	586	0
270	Bryce Elder	ATL																				18	18	107	7	6	9	0	0	111	50	12	90	38	7.59	3.19	2.38	0.97	0.263	1.4	0.31	70.90%	4.23	4.2	624.9	0
271	Grayson Rodriguez	BAL																				16	16	86	6	5	8	0	0	74	35	11	95	32	9.99	3.3	3.02	1.13	0.227	1.23	0.288	74.70%	3.68	3.9	999	0
272	Edward Cabrera	MIA																				18	18	96	6	6	8	0	0	82	42	11	110	47	10.29	4.38	2.35	1.03	0.226	1.34	0.294	73.60%	3.92	4.1	218.7	0
273	Sean Manaea	SFG																				15	22	87	5	5	7	0	0	79	37	11	93	27	9.64	2.81	3.43	1.17	0.239	1.23	0.298	73.50%	3.85	3.89	286.3	0
274	Patrick Corbin	WSN																				22	22	123	6	8	9	0	0	131	62	18	93	37	6.79	2.73	2.49	1.33	0.268	1.37	0.299	71.20%	4.52	4.68	647.3	0
275	Taijuan Walker	PHI																				21	21	111	7	7	8	0	0	111	54	16	94	39	7.57	3.19	2.37	1.29	0.255	1.35	0.291	72.20%	4.34	4.63	318.1	0
276	Alek Manoah	TOR																				22	22	134	8	8	11	0	0	128	67	20	124	50	8.36	3.37	2.48	1.35	0.246	1.33	0.286	71.30%	4.47	4.71	67.5	0
277	Garrett Whitlock	BOS																				15	24	90	5	5	6	0	0	90	43	12	82	25	8.22	2.54	3.24	1.24	0.256	1.29	0.302	70.90%	4.28	4.19	298.6	0
278	Martín Pérez	TEX																				22	22	128	7	8	10	0	0	133	62	16	104	45	7.34	3.18	2.31	1.16	0.261	1.39	0.3	71.70%	4.35	4.49	318.2	0
279	Jameson Taillon	CHC																				20	20	106	6	7	8	0	0	108	52	16	92	29	7.8	2.42	3.22	1.38	0.258	1.29	0.295	70.70%	4.44	4.45	244.1	0
280	Zack Greinke	KCR																				20	20	113	6	8	8	0	0	126	56	16	76	24	6.05	1.94	3.11	1.27	0.277	1.34	0.303	69.90%	4.5	4.5	561.5	0
281	Kyle Gibson	BAL																				21	21	121	7	8	10	0	0	125	57	16	100	39	7.44	2.92	2.55	1.18	0.26	1.35	0.299	72.00%	4.24	4.44	443.5	0
282	Drew Smyly	CHC																				17	29	104	6	7	7	0	0	103	50	16	94	31	8.13	2.65	3.07	1.43	0.252	1.28	0.29	72.20%	4.35	4.52	431	0
283	Bailey Ober	MIN																				17	20	96	6	6	7	0	0	93	45	15	92	26	8.66	2.44	3.55	1.43	0.247	1.24	0.289	72.40%	4.27	4.34	338.6	0
284	Tony Gonsolin	LAD																				20	20	112	7	7	8	0	0	111	56	17	108	40	8.68	3.24	2.68	1.4	0.251	1.35	0.295	71.90%	4.5	4.56	212.6	0
285	Aaron Civale	CLE																				15	15	84	5	5	7	0	0	84	39	12	76	22	8.18	2.37	3.46	1.28	0.254	1.26	0.297	71.60%	4.18	4.24	309.2	0
286	Lance McCullers Jr.	HOU																				14	14	78	5	4	7	0	0	74	35	9	76	32	8.76	3.72	2.35	1	0.246	1.35	0.303	72.60%	3.99	4.16	330.1	0
287	Michael Wacha	SDP																				19	19	106	7	6	8	0	0	107	53	17	90	31	7.59	2.63	2.89	1.46	0.256	1.3	0.289	71.70%	4.45	4.68	373.7	0
288	Triston McKenzie	CLE																				14	14	79	5	5	7	0	0	71	37	13	83	27	9.5	3.03	3.13	1.43	0.235	1.24	0.283	73.40%	4.17	4.35	102.1	0
289	Kyle Bradish	BAL																				19	19	107	6	7	8	0	0	103	50	14	99	39	8.28	3.28	2.53	1.19	0.249	1.33	0.295	72.30%	4.19	4.37	317.6	0
290	Rich Hill	PIT																				17	17	90	5	6	6	0	0	90	44	13	79	30	7.93	3.01	2.64	1.25	0.253	1.33	0.293	71.30%	4.38	4.47	602.6	0
291	Domingo Germán	NYY																				18	18	97	6	6	7	0	0	97	48	16	89	28	8.2	2.61	3.15	1.48	0.253	1.29	0.29	72.00%	4.43	4.59	379.8	0
292	Kyle Freeland	COL																				20	20	118	5	9	7	0	0	142	72	19	85	36	6.48	2.79	2.32	1.49	0.293	1.52	0.322	67.30%	5.51	5.07	616.5	0
293	Yusei Kikuchi	TOR																				15	29	90	6	5	6	0	0	80	40	13	95	34	9.42	3.42	2.76	1.25	0.235	1.27	0.289	74.10%	3.94	4.25	443.5	0
294	Luke Weaver	CIN																				17	17	95	5	7	7	0	0	97	50	17	91	32	8.55	2.98	2.87	1.59	0.258	1.35	0.298	71.40%	4.76	4.78	745.3	0
295	Matthew Boyd	DET																				20	20	111	6	8	8	0	0	110	55	17	100	36	8.12	2.95	2.75	1.39	0.253	1.32	0.292	71.70%	4.47	4.61	371.1	0
296	Taj Bradley	TBR																				16	16	87	5	5	7	0	0	82	40	13	79	28	8.23	2.86	2.88	1.3	0.244	1.26	0.284	72.10%	4.17	4.4	556.3	0
297	Louie Varland	MIN																				14	26	89	5	5	6	0	0	84	40	12	88	28	8.86	2.84	3.12	1.21	0.243	1.26	0.294	72.40%	4.04	4.12	744.7	0
298	Steven Matz	STL																				13	23	81	5	5	6	0	0	77	35	10	75	24	8.38	2.7	3.1	1.15	0.246	1.25	0.293	72.80%	3.9	4.1	318.6	0
299	Roansy Contreras	PIT																				19	19	110	6	8	8	0	0	110	58	16	96	45	7.85	3.7	2.12	1.31	0.254	1.41	0.292	70.50%	4.73	4.77	299.7	0
300	Eury Pérez	MIA																				15	15	82	5	5	7	0	0	75	37	11	82	30	9.07	3.28	2.77	1.21	0.238	1.28	0.288	72.70%	4.06	4.23	999	0
301	Michael Kopech	CHW																				18	29	107	6	7	6	0	0	97	54	17	115	49	9.7	4.1	2.36	1.46	0.236	1.36	0.286	72.40%	4.58	4.73	281.9	0
302	Bryce Miller	SEA																				14	14	79	5	5	7	0	0	76	37	12	73	24	8.26	2.71	3.05	1.34	0.245	1.26	0.285	72.50%	4.17	4.41	999	0
303	David Peterson	NYM																				11	20	67	5	4	5	0	0	60	26	7	71	27	9.5	3.57	2.66	0.93	0.234	1.29	0.298	75.30%	3.5	3.84	340.8	0
304	Paul Blackburn	OAK																				17	17	98	5	7	8	0	0	105	49	13	66	30	6.1	2.79	2.18	1.16	0.27	1.39	0.298	70.00%	4.5	4.65	607.8	0
305	Jack Flaherty	STL																				19	19	101	6	6	8	0	0	93	47	13	99	43	8.83	3.85	2.29	1.19	0.24	1.35	0.29	73.00%	4.17	4.48	227.3	0
306	Jhoan Duran	MIN																				0	47	47	3	2	0	7	6	34	13	3	67	18	12.72	3.47	3.66	0.6	0.196	1.1	0.3	78.00%	2.52	2.59	116.4	13
307	Johan Oviedo	PIT																				18	18	100	6	7	7	0	0	99	49	12	87	45	7.87	4.08	1.93	1.06	0.254	1.44	0.3	70.90%	4.47	4.58	637.6	0
308	Tarik Skubal	DET																				10	10	57	3	4	5	0	0	54	25	8	59	17	9.34	2.74	3.4	1.19	0.242	1.24	0.298	73.70%	3.87	3.94	494.4	0
309	Michael Lorenzen	DET																				19	24	112	6	8	8	0	0	114	55	14	94	44	7.52	3.57	2.11	1.1	0.259	1.41	0.301	71.00%	4.43	4.51	535.4	0
310	Daniel Lynch	KCR																				16	16	83	5	6	6	0	0	83	40	11	71	31	7.7	3.34	2.31	1.17	0.257	1.37	0.299	71.30%	4.37	4.49	675.5	0
311	Matt Strahm	PHI																				6	34	58	4	3	2	0	0	48	23	7	66	18	10.33	2.86	3.61	1.15	0.222	1.15	0.284	75.20%	3.52	3.75	716.9	0
312	Griffin Canning	LAA																				13	33	93	5	6	5	0	0	89	45	14	92	34	8.9	3.3	2.7	1.37	0.246	1.32	0.293	72.50%	4.36	4.52	614.7	0
313	Luis L. Ortiz	PIT																				15	20	87	5	6	6	0	0	89	43	11	70	33	7.24	3.37	2.15	1.11	0.26	1.4	0.299	70.70%	4.43	4.53	487.3	0
314	Seth Lugo	SDP																				14	19	81	5	5	6	0	0	79	38	11	73	28	8.13	3.15	2.58	1.23	0.25	1.32	0.294	72.10%	4.22	4.42	462.5	0
315	Anthony DeSclafani	SFG																				18	24	109	6	7	8	0	0	116	54	15	89	28	7.3	2.31	3.16	1.27	0.265	1.31	0.302	70.50%	4.41	4.36	438.5	0
316	Logan Allen	CLE																				13	13	71	4	4	6	0	0	66	31	9	68	25	8.71	3.15	2.76	1.21	0.242	1.28	0.29	73.70%	3.96	4.25	999	0
317	Trevor Rogers	MIA																				12	15	68	4	4	5	0	0	63	30	8	67	24	8.98	3.22	2.79	1.11	0.242	1.29	0.297	72.70%	3.98	4.1	232.5	0
318	Carlos Carrasco	NYM																				18	18	97	6	6	7	0	0	98	46	13	85	31	7.85	2.88	2.72	1.25	0.257	1.33	0.298	71.80%	4.3	4.43	289.7	0
319	Drew Rasmussen	TBR																				9	9	49	3	3	4	0	0	45	20	5	47	14	8.64	2.6	3.32	0.98	0.242	1.22	0.296	73.00%	3.62	3.73	153.2	0
320	Mike Clevinger	CHW																				17	17	91	5	6	6	0	0	90	47	16	84	31	8.26	3.02	2.74	1.58	0.251	1.32	0.286	71.70%	4.67	4.87	383.7	0
321	José Quintana	NYM																				11	11	60	4	3	5	0	0	58	26	7	55	20	8.28	3.04	2.72	1.08	0.248	1.3	0.296	73.50%	3.87	4.1	558	0
322	Dean Kremer	BAL																				18	18	102	6	7	8	0	0	101	50	15	87	32	7.73	2.87	2.69	1.35	0.255	1.32	0.292	71.70%	4.39	4.59	492.9	0
323	Tyler Anderson	LAA																				20	20	119	7	8	9	0	0	128	64	21	89	36	6.69	2.71	2.47	1.57	0.267	1.37	0.29	70.80%	4.85	5.09	274.9	0
324	Matthew Liberatore	STL																				12	15	70	4	4	5	0	0	66	31	9	62	26	7.92	3.4	2.33	1.12	0.246	1.32	0.289	73.00%	4.02	4.41	593.7	0
325	Josiah Gray	WSN																				21	21	118	6	9	8	0	0	115	65	21	112	52	8.55	3.99	2.14	1.6	0.25	1.42	0.288	71.10%	4.98	5.14	368.9	0
326	Brandon Pfaadt	ARI																				15	15	82	5	5	6	0	0	81	40	13	75	23	8.21	2.49	3.3	1.38	0.251	1.26	0.291	71.00%	4.37	4.42	999	0
327	Adam Wainwright	STL																				19	19	114	6	7	9	0	0	124	58	16	79	34	6.25	2.68	2.33	1.26	0.271	1.38	0.298	70.50%	4.56	4.72	394.3	0
328	Tyler Wells	BAL																				16	23	93	5	6	6	0	0	92	46	16	83	26	8	2.49	3.22	1.55	0.25	1.26	0.282	72.40%	4.42	4.67	558.4	0
329	Corey Kluber	BOS																				17	17	93	5	6	6	0	0	101	52	15	73	26	7.09	2.52	2.82	1.5	0.271	1.37	0.301	68.40%	5.02	4.86	391.8	0
330	Cal Quantrill	CLE																				21	21	120	6	8	9	0	0	129	64	18	87	37	6.52	2.74	2.38	1.39	0.269	1.38	0.295	69.40%	4.8	4.9	330.9	0
331	Dustin May	LAD																				9	14	55	4	3	4	0	0	52	24	7	55	19	9.01	3.11	2.9	1.12	0.245	1.29	0.301	72.30%	4.02	4.08	157.7	0
332	Braxton Garrett	MIA																				10	28	72	4	4	4	0	0	71	32	9	66	22	8.22	2.79	2.95	1.08	0.251	1.29	0.3	72.10%	3.99	4.09	429.5	0
333	Tanner Bibee	CLE																				11	11	65	4	4	5	0	0	62	31	10	61	20	8.46	2.82	3	1.4	0.245	1.27	0.286	72.00%	4.3	4.49	999	0
334	Félix Bautista	BAL																				0	46	46	3	2	0	21	1	31	14	4	67	21	13.17	4.18	3.15	0.81	0.187	1.14	0.284	78.40%	2.85	3.03	69.4	22
335	Noah Syndergaard	LAD																				18	18	96	6	6	6	0	0	107	53	16	69	23	6.51	2.19	2.97	1.48	0.275	1.35	0.3	68.10%	4.96	4.83	298.5	0
336	Kyle Wright	ATL																				10	10	57	4	3	5	0	0	56	26	6	52	20	8.29	3.12	2.66	0.99	0.255	1.34	0.309	71.50%	4.06	4.05	153.7	0
337	Josh Hader	SDP																				0	46	46	3	2	0	23	1	32	16	5	67	20	12.94	3.79	3.41	1.06	0.189	1.11	0.273	78.40%	3.09	3.34	38	24
338	Kenta Maeda	MIN																				12	24	78	5	5	5	0	0	76	37	11	73	23	8.44	2.6	3.25	1.3	0.249	1.27	0.293	71.80%	4.21	4.26	318.5	0
339	Clarke Schmidt	NYY																				9	21	59	4	3	4	0	0	55	26	8	61	21	9.32	3.25	2.87	1.14	0.24	1.28	0.296	73.70%	3.89	4.08	320.1	0
340	Ryan Helsley	STL																				0	47	47	3	2	0	21	2	34	16	5	62	19	11.94	3.67	3.25	0.89	0.2	1.14	0.283	77.50%	3.01	3.22	63.9	23
341	Nick Martinez	SDP																				9	36	79	5	4	4	0	0	76	36	10	73	29	8.31	3.37	2.47	1.14	0.247	1.34	0.294	72.50%	4.11	4.31	389.1	0
342	Spencer Turnbull	DET																				12	19	70	4	5	5	0	0	70	33	8	58	25	7.54	3.18	2.37	1.01	0.258	1.36	0.304	70.30%	4.28	4.29	421.6	0
343	Austin Gomber	COL																				19	19	106	5	8	5	0	0	126	66	19	80	38	6.8	3.26	2.08	1.59	0.291	1.55	0.321	68.00%	5.63	5.25	731.9	0
344	José Urquidy	HOU																				16	16	89	5	6	6	0	0	91	46	16	74	24	7.53	2.43	3.09	1.59	0.26	1.3	0.289	70.60%	4.72	4.83	270.3	0
345	Mason Miller	OAK																				6	6	32	2	2	3	0	0	25	12	4	39	10	11.08	2.93	3.79	1.05	0.214	1.12	0.286	74.90%	3.38	3.43	999	0
346	Adrian Houser	MIL																				16	30	100	5	7	6	0	0	105	51	13	74	41	6.63	3.68	1.8	1.13	0.266	1.46	0.3	70.70%	4.57	4.79	716.3	0
347	Ken Waldichuk	OAK																				17	17	94	5	7	7	0	0	87	46	13	87	42	8.36	4.02	2.08	1.25	0.243	1.38	0.286	72.40%	4.38	4.74	398.9	0
348	Trevor Williams	WSN																				15	27	90	5	7	4	0	0	96	49	15	70	28	6.95	2.8	2.48	1.53	0.267	1.38	0.294	70.10%	4.89	5.01	616.2	0
349	Michael Soroka	ATL																				9	20	63	4	4	4	0	0	66	30	8	50	18	7.19	2.57	2.79	1.07	0.266	1.34	0.306	70.60%	4.24	4.23	435	0
350	Marco Gonzales	SEA																				22	22	123	7	8	9	0	0	131	62	19	86	36	6.31	2.6	2.42	1.42	0.266	1.36	0.288	71.30%	4.58	4.9	513	0
351	David Bednar	PIT																				0	46	46	3	2	0	22	1	38	17	5	57	15	11.01	2.92	3.77	0.96	0.216	1.14	0.29	75.40%	3.27	3.29	99.8	23
352	Bryan Abreu	HOU																				0	46	46	3	2	0	2	9	34	15	4	62	21	12.2	4.05	3.01	0.78	0.201	1.18	0.294	76.70%	3.03	3.2	481.6	11
353	Liam Hendriks	CHW																				0	39	39	2	2	0	17	2	29	13	5	52	10	12.2	2.37	5.15	1.11	0.204	1.02	0.283	77.40%	3.05	3.05	447.6	19
354	Jordan Lyles	KCR																				20	20	116	6	9	8	0	0	127	66	19	84	39	6.52	3.05	2.14	1.47	0.272	1.43	0.297	68.90%	5.1	5.08	586	0
355	Ryne Nelson	ARI																				15	17	84	5	6	6	0	0	86	43	13	69	30	7.36	3.16	2.33	1.35	0.259	1.37	0.293	70.80%	4.61	4.75	448.3	0
356	Emmanuel Clase	CLE																				0	49	49	3	2	0	25	1	44	17	4	50	14	9.15	2.47	3.71	0.72	0.238	1.18	0.305	74.70%	3.08	3.2	28	26
357	Aroldis Chapman	KCR																				0	44	44	2	2	0	6	6	30	15	4	64	25	12.94	5.01	2.59	0.74	0.189	1.23	0.289	78.20%	2.95	3.25	334.4	12
358	Nick Pivetta	BOS																				8	37	72	4	4	3	0	0	69	35	10	76	27	9.43	3.42	2.76	1.29	0.245	1.33	0.3	71.40%	4.42	4.3	410.3	0
359	Kyle Hendricks	CHC																				16	16	91	5	6	6	0	0	100	48	15	64	24	6.34	2.37	2.67	1.45	0.274	1.37	0.297	69.80%	4.8	4.9	605	0
360	Vince Velasquez	PIT																				14	21	78	4	5	4	0	0	76	40	12	72	31	8.35	3.59	2.33	1.39	0.249	1.37	0.289	71.50%	4.62	4.76	703	0
361	Joe Kelly	CHW																				0	44	44	2	2	0	1	10	35	15	4	56	18	11.32	3.73	3.03	0.76	0.213	1.2	0.298	76.90%	3	3.25	726.6	11
362	José Alvarado	PHI																				0	35	35	2	1	0	9	2	24	10	3	50	17	12.72	4.41	2.88	0.65	0.192	1.18	0.293	79.10%	2.64	2.99	484.3	11
363	Andrew Abbott	CIN																				8	8	45	3	3	4	0	0	42	21	6	49	18	9.76	3.6	2.71	1.27	0.24	1.32	0.299	73.50%	4.13	4.27	999	0
364	Ryan Pressly	HOU																				0	44	44	2	2	0	22	2	38	15	4	49	13	10.19	2.64	3.86	0.86	0.228	1.16	0.3	75.20%	3.18	3.23	55.7	24
365	Kyle Harrison	SFG																				9	9	52	3	3	4	0	0	46	24	6	56	27	9.7	4.69	2.07	1.08	0.233	1.41	0.294	73.20%	4.17	4.41	999	0
366	Devin Williams	MIL																				0	46	46	3	2	0	19	2	34	16	4	62	21	12.11	4.15	2.92	0.85	0.201	1.2	0.288	77.30%	3.07	3.32	51.3	21
367	A.J. Minter	ATL																				0	46	46	3	2	0	2	9	38	17	5	56	16	10.98	3.11	3.53	0.98	0.219	1.17	0.294	75.80%	3.32	3.4	393.5	11
368	Bailey Falter	PHI																				8	23	58	3	4	3	0	0	58	27	10	50	14	7.65	2.18	3.5	1.48	0.253	1.24	0.285	72.80%	4.25	4.56	414.6	0
369	Drew Rucinski	OAK																				16	18	89	5	6	6	0	0	91	45	12	70	30	7.04	3.02	2.33	1.24	0.261	1.36	0.295	70.10%	4.55	4.66	624.8	0
370	Tylor Megill	NYM																				8	34	69	4	4	3	0	0	65	31	9	68	23	8.91	3.04	2.93	1.2	0.244	1.28	0.295	72.90%	4.04	4.16	402.4	0
371	Matt Brash	SEA																				0	46	46	3	2	0	3	8	33	15	4	61	21	11.96	4.19	2.86	0.76	0.2	1.2	0.289	77.80%	2.92	3.25	491.7	11
372	Wade Miley	MIL																				11	11	62	4	4	4	0	0	67	31	9	44	21	6.44	2.98	2.16	1.27	0.268	1.41	0.296	71.70%	4.49	4.8	540.3	0
373	Reynaldo López	CHW																				0	46	46	2	2	0	2	8	39	18	6	53	13	10.54	2.59	4.07	1.18	0.223	1.14	0.286	75.80%	3.47	3.61	316.7	10
374	Evan Phillips	LAD																				0	46	46	3	2	0	16	5	38	18	5	56	17	10.96	3.31	3.31	1.04	0.221	1.21	0.295	75.20%	3.49	3.59	211.7	21
375	José Suarez	LAA																				12	12	64	4	4	4	0	0	64	33	10	57	25	7.99	3.46	2.31	1.43	0.255	1.38	0.293	72.00%	4.59	4.86	374.1	0
376	Bobby Miller	LAD																				9	16	58	4	3	4	0	0	57	28	8	52	19	8.16	3.02	2.7	1.26	0.253	1.33	0.297	71.80%	4.29	4.43	999	0
377	Hunter Harvey	WSN																				0	44	44	2	2	0	9	7	37	17	5	50	16	10.37	3.37	3.08	1.01	0.224	1.22	0.292	74.60%	3.55	3.66	502.5	16
378	Aaron Bummer	CHW																				0	44	44	2	2	0	0	9	37	15	3	49	18	10.06	3.82	2.64	0.67	0.226	1.27	0.304	76.50%	3.03	3.41	697.4	9
379	Adbert Alzolay	CHC																				0	48	48	3	2	0	5	8	43	19	6	53	14	9.8	2.64	3.71	1.07	0.232	1.18	0.294	74.20%	3.56	3.66	466.3	13
380	DL Hall	BAL																				3	29	45	3	2	2	0	0	36	17	5	57	20	11.28	3.93	2.87	0.97	0.211	1.22	0.288	76.70%	3.31	3.61	527.2	0
381	Hayden Wesneski	CHC																				13	13	70	4	5	5	0	0	72	36	11	56	24	7.19	3.04	2.37	1.36	0.261	1.36	0.293	70.80%	4.59	4.8	285.3	0
382	Drey Jameson	ARI																				7	21	51	3	3	3	0	0	50	23	6	46	19	8.11	3.37	2.41	0.98	0.252	1.34	0.303	71.60%	4.07	4.16	402.6	0
383	Dane Dunning	TEX																				7	31	61	3	4	3	0	0	61	28	7	55	21	8.06	3.13	2.58	1.03	0.255	1.35	0.304	71.80%	4.1	4.18	648.9	0
384	Kyle Muller	OAK																				12	12	65	4	5	5	0	0	63	31	8	54	27	7.5	3.74	2	1.1	0.252	1.39	0.293	71.50%	4.31	4.57	502.1	0
385	Gavin Stone	LAD																				9	9	50	3	3	4	0	0	48	24	7	47	20	8.43	3.64	2.32	1.2	0.25	1.38	0.298	72.30%	4.3	4.45	999	0
386	Raisel Iglesias	ATL																				0	46	46	3	2	0	20	2	40	18	6	55	13	10.7	2.48	4.31	1.1	0.225	1.13	0.294	75.20%	3.43	3.43	64.2	22
387	Colin Rea	MIL																				9	19	60	3	4	4	0	0	61	29	9	52	18	7.77	2.69	2.89	1.36	0.256	1.31	0.293	71.50%	4.38	4.54	999	0
388	Ross Stripling	SFG																				8	30	64	4	4	3	0	0	66	30	9	55	16	7.69	2.2	3.5	1.26	0.26	1.27	0.3	71.30%	4.22	4.22	299.5	0
389	Chris Martin	BOS																				0	47	47	3	2	0	2	10	46	19	5	47	11	8.97	2.02	4.43	1.03	0.248	1.19	0.306	72.40%	3.68	3.56	568.5	12
390	Craig Kimbrel	PHI																				0	46	46	2	2	0	11	5	35	18	6	59	21	11.65	4.17	2.8	1.09	0.207	1.23	0.282	75.80%	3.56	3.79	266.1	16
391	Zach Davies	ARI																				16	16	84	5	6	5	0	0	90	46	13	67	34	7.16	3.62	1.98	1.33	0.267	1.47	0.3	70.40%	4.88	4.91	706.7	0
392	Camilo Doval	SFG																				0	45	45	2	2	0	25	1	36	16	4	56	20	11.24	4.09	2.75	0.72	0.216	1.25	0.303	75.40%	3.2	3.31	78.8	26
393	Josh Fleming	TBR																				16	24	93	6	6	6	0	0	103	44	9	55	34	5.32	3.26	1.63	0.9	0.278	1.47	0.306	71.30%	4.28	4.59	701.8	0
394	J.P. France	HOU																				11	25	78	5	5	5	0	0	74	38	12	76	32	8.7	3.66	2.38	1.38	0.243	1.35	0.287	72.40%	4.43	4.65	999	0
395	Jordan Romano	TOR																				0	46	46	3	2	0	22	1	37	17	5	54	17	10.64	3.33	3.2	1.01	0.217	1.18	0.286	75.20%	3.42	3.61	47	23
396	Alexis Díaz	CIN																				0	48	48	2	2	0	20	2	37	20	6	65	24	12.27	4.56	2.69	1.12	0.208	1.28	0.291	75.50%	3.74	3.84	121.8	22
397	Pete Fairbanks	TBR																				0	44	44	2	2	0	17	4	35	16	4	54	17	11.02	3.5	3.15	0.84	0.212	1.17	0.29	75.60%	3.16	3.31	136.8	21
398	Andrés Muñoz	SEA																				0	25	25	2	1	0	4	0	17	7	2	37	9	13.02	3.17	4.1	0.73	0.189	1.03	0.288	78.90%	2.5	2.61	140.9	4
399	Cole Irvin	BAL																				13	22	81	4	5	5	0	0	86	40	13	60	20	6.67	2.19	3.05	1.4	0.265	1.3	0.291	71.40%	4.42	4.67	426.5	0
